County,State
Alameda,CA
Alpine,CA
Amador,CA
Butte,CA
Calaveras,CA
Colusa,CA
Contra_Costa,CA
Del_Norte,CA
El_Dorado,CA
Fresno,CA
Glenn,CA
Humboldt,CA
Imperial,CA
Inyo,CA
Kern,CA
Kings,CA
Lake_CA,CA
Lassen,CA
Los_Angeles,CA
Madera,CA
Marin,CA
Mariposa,CA
Mendocino,CA
Merced,CA
Modoc,CA
Mono,CA
Monterey,CA
Napa,CA
Nevada,CA
Orange_CA,CA
Placer,CA
Plumas,CA
Riverside,CA
Sacramento,CA
San_Benito,CA
San_Bernardino,CA
San_Diego,CA
San_Francisco,CA
San_Joaquin,CA
San_Luis_Obispo,CA
San_Mateo,CA
Santa_Barbara,CA
Santa_Clara,CA
Santa_Cruz,CA
Shasta,CA
Sierra,CA
Siskiyou,CA
Solano,CA
Sonoma,CA
Stanislaus,CA
Sutter,CA
Tehama,CA
Trinity_CA,CA
Tulare,CA
Tuolumne,CA
Ventura,CA
Yolo,CA
Yuba,CA
Aitkin,MN
Anoka,MN
Becker,MN
Beltrami,MN
Benton,MN
Big_Stone,MN
Blue_Earth,MN
Brown_MN,MN
Carlton,MN
Carver,MN
Cass_MN,MN
Chippewa,MN
Chisago,MN
Clay_MN,MN
Clearwater,MN
Cook,MN
Cottonwood,MN
Crow_Wing,MN
Dakota,MN
Dodge,MN
Douglas,MN
Faribault,MN
Fillmore,MN
Freeborn,MN
Goodhue,MN
Grant,MN
Hennepin,MN
Houston_MN,MN
Hubbard,MN
Isanti,MN
Itasca,MN
Jackson_MN,MN
Kanabec,MN
Kandiyohi,MN
Kittson,MN
Koochiching,MN
Lac_qui_Parle,MN
Lake_MN,MN
Lake_of_the_Woods,MN
Le_Sueur,MN
Lincoln,MN
Lyon,MN
McLeod,MN
Mahnomen,MN
Marshall,MN
Martin_MN,MN
Meeker,MN
Mille_Lacs,MN
Morrison,MN
Mower,MN
Murray,MN
Nicollet,MN
Nobles,MN
Norman,MN
Olmsted,MN
Otter_Tail,MN
Pennington,MN
Pine,MN
Pipestone,MN
Polk_MN,MN
Pope,MN
Ramsey,MN
Red_Lake,MN
Redwood,MN
Renville,MN
Rice,MN
Rock,MN
Roseau,MN
St._Louis,MN
Scott,MN
Sherburne,MN
Sibley,MN
Stearns,MN
Steele,MN
Stevens,MN
Swift,MN
Todd,MN
Traverse,MN
Wabasha,MN
Wadena,MN
Waseca,MN
Washington_MN,MN
Watonwan,MN
Wilkin,MN
Winona,MN
Wright,MN
Yellow_Medicine,MN
Anderson,TX
Andrews,TX
Angelina,TX
Aransas,TX
Archer,TX
Armstrong,TX
Atascosa,TX
Austin,TX
Bailey,TX
Bandera,TX
Bastrop,TX
Baylor,TX
Bee,TX
Bell,TX
Bexar,TX
Blanco,TX
Borden,TX
Bosque,TX
Bowie,TX
Brazoria,TX
Brazos,TX
Brewster,TX
Briscoe,TX
Brooks,TX
Brown_TX,TX
Burleson,TX
Burnet,TX
Caldwell,TX
Calhoun,TX
Callahan,TX
Cameron,TX
Camp,TX
Carson,TX
Cass_TX,TX
Castro,TX
Chambers,TX
Cherokee,TX
Childress,TX
Clay_TX,TX
Cochran,TX
Coke,TX
Coleman,TX
Collin,TX
Collingsworth,TX
Colorado,TX
Comal,TX
Comanche,TX
Concho,TX
Cooke,TX
Coryell,TX
Cottle,TX
Crane,TX
Crockett,TX
Crosby,TX
Culberson,TX
Dallam,TX
Dallas,TX
Dawson,TX
Deaf_Smith,TX
Delta,TX
Denton,TX
DeWitt,TX
Dickens,TX
Dimmit,TX
Donley,TX
Duval,TX
Eastland,TX
Ector,TX
Edwards,TX
Ellis,TX
El_Paso,TX
Erath,TX
Falls,TX
Fannin,TX
Fayette,TX
Fisher,TX
Floyd,TX
Foard,TX
Fort_Bend,TX
Franklin,TX
Freestone,TX
Frio,TX
Gaines,TX
Galveston,TX
Garza,TX
Gillespie,TX
Glasscock,TX
Goliad,TX
Gonzales,TX
Gray,TX
Grayson,TX
Gregg,TX
Grimes,TX
Guadalupe,TX
Hale,TX
Hall,TX
Hamilton,TX
Hansford,TX
Hardeman,TX
Hardin,TX
Harris,TX
Harrison,TX
Hartley,TX
Haskell,TX
Hays,TX
Hemphill,TX
Henderson,TX
Hidalgo,TX
Hill,TX
Hockley,TX
Hood,TX
Hopkins,TX
Houston_TX,TX
Howard,TX
Hudspeth,TX
Hunt,TX
Hutchinson,TX
Irion,TX
Jack,TX
Jackson_TX,TX
Jasper,TX
Jeff_Davis,TX
Jefferson,TX
Jim_Hogg,TX
Jim_Wells,TX
Johnson,TX
Jones,TX
Karnes,TX
Kaufman,TX
Kendall,TX
Kenedy,TX
Kent,TX
Kerr,TX
Kimble,TX
King,TX
Kinney,TX
Kleberg,TX
Knox,TX
Lamar,TX
Lamb,TX
Lampasas,TX
La_Salle,TX
Lavaca,TX
Lee,TX
Leon,TX
Liberty,TX
Limestone,TX
Lipscomb,TX
Live_Oak,TX
Llano,TX
Loving,TX
Lubbock,TX
Lynn,TX
McCulloch,TX
McLennan,TX
McMullen,TX
Madison,TX
Marion,TX
Martin_TX,TX
Mason,TX
Matagorda,TX
Maverick,TX
Medina,TX
Menard,TX
Midland,TX
Milam,TX
Mills,TX
Mitchell,TX
Montague,TX
Montgomery,TX
Moore,TX
Morris,TX
Motley,TX
Nacogdoches,TX
Navarro,TX
Newton,TX
Nolan,TX
Nueces,TX
Ochiltree,TX
Oldham,TX
Orange_TX,TX
Palo_Pinto,TX
Panola,TX
Parker,TX
Parmer,TX
Pecos,TX
Polk_TX,TX
Potter,TX
Presidio,TX
Rains,TX
Randall,TX
Reagan,TX
Real,TX
Red_River,TX
Reeves,TX
Refugio,TX
Roberts,TX
Robertson,TX
Rockwall,TX
Runnels,TX
Rusk,TX
Sabine,TX
San_Augustine,TX
San_Jacinto,TX
San_Patricio,TX
San_Saba,TX
Schleicher,TX
Scurry,TX
Shackelford,TX
Shelby,TX
Sherman,TX
Smith,TX
Somervell,TX
Starr,TX
Stephens,TX
Sterling,TX
Stonewall,TX
Sutton,TX
Swisher,TX
Tarrant,TX
Taylor,TX
Terrell,TX
Terry,TX
Throckmorton,TX
Titus,TX
Tom_Green,TX
Travis,TX
Trinity_TX,TX
Tyler,TX
Upshur,TX
Upton,TX
Uvalde,TX
Val_Verde,TX
Van_Zandt,TX
Victoria,TX
Walker,TX
Waller,TX
Ward,TX
Washington_TX,TX
Webb,TX
Wharton,TX
Wheeler,TX
Wichita,TX
Wilbarger,TX
Willacy,TX
Williamson,TX
Wilson,TX
Winkler,TX
Wise,TX
Wood,TX
Yoakum,TX
Young,TX
Zapata,TX
Zavala,TX